BlackToLive,-16
FaurnFlamebreaker,-10
bill_jonson,-8
PurebringerOghmagra,-5
clawisma,-2
jake_browny,-1
Georgie_Felix,-1
george_BENTLEY,-1
rico_penya,0
Leprechaun_yura,0
Admiraf,0
lgbtunited,0
20twony,0
momaskin,0
FelhafymDugrel,0
DoriraKam,0
DalaghmaMajurus,0
IfiacelMoogutaxe,0
AragelvBlackkiller,0
SsoncenModifyn,0
KulagdaMneriel,0
BloodbearerBusius,0
SteeldefenderZululm,0
TaushakarGrantrius,0
FlameweaverTokazahn,0
MunirusDrelalas,0
JoJosarBlacksong,0
ZulkilkreeMazucage,0
RexcliffVushura,0
KizragoreMajin,0
MograMarn,0
RedseekerMami,0
StardwellerFordrezi,0
PaineyeDaron,0
RexscarNalmekelv,0
SaberstalkerTygorr,0
GhoginnModilbine,0
BeariArashura,0
ZalarGroshakar,0
DaktilarMarirus,0
GhozarIannn,0
AdofynMorakus,0
FelorielBalladolore,0
SaimathJurisar,0
ZulkizragoreLairdan,0
BrargasYggndis,0
FordreninDalas,0
GavidiKenrad,0
NikojindDalarad,0
SharpgroveMagal,0
AkinotilarGardana,0
ShadowhammerFelozan,0
FelorgasAlsagelv,0
ArashillCererana,0
YozshulkisNighthamm,0
FelothisRagegrove,0
KigagrelMightrunner,0
BalbineSnowbourne,0
HugilmeenaBurinrad,0
BagraBludwood,0
TetaurDizragore,0
KazshuraDoommaster,0
KularimGaviril,0
TaulabarMumi,0
NilkisZargas,0
DoukasaZahelm,0
BalladoranaBalhala,0
IshnntriusBufym,0
ManadorSternfont,0
SaithrisShakajas,0
ArarisarStarbinder,0
MakazahnFelodwyn,0
KulaNegore,0
ShalirgasFetaur,0
PeghmaGoldenfist,0
DawnravenFenritaur,0
HugirisBoth,0
DilarNitius,0
NelrajasAndromardre,0
DoukusGujar,0
TaushuraJujind,0
MavehelmMightblade,0
TanrisVijinn,0
MolarZulugar,0
KajizragoreJojurus,0
KulariTezshura,0
MorlurusShagelv,0
GaranBurithris,0
JurgKagashakar,0
MalarilZolorn,0
KenisLightwing,0
DokelvCentrillador,0
VolkisDulmaran,0
ThobandisGavinaya,0
GonosShak,0
ModidredAnanadar,0
RainwormKigak,0
DoukSaris,0
ThorisPerintrius,0
MazukazahnFlamebrin,0
AdriesidaVolmaran,0
ThotiusBalis,0
KigashoBlackmoon,0
YorgAndrozan,0
AndromalladorAnayan,0
MorardanaForad,0
GrojoraAxebinder,0
RunebringerSaberdra,0
GavirusBurus,0
GavizelMazumi,0
MajinnSpellgrove,0
RaindwellerKasho,0
NafymAriugelv,0
ShalilisDaill,0
vadro,0
jay_cook,0
eblun,0
marshallwayneee,0
thomas_baxter,0
chrisrockyou,0
tomwiek,0
IndianaLewis666,0
peterpenpeter,0
AllanMcPherson2,0
GeraldineKnapp,0
coolpau,0
RichardPhilbrick,0
MichelleBerends,0
m_peltier,0
hymynameisharold,0
chillypepperchilly,0
marcus_jones,0
lisa_kelley,0
lipstickred,0
sasanbasan,0
sunshinesunny,0
RichardShannon,0
nu3goxyu,0
TaraLynnRussel,0
YnellieryFezilkree,0
MeztimGavijurus,0
DathrisKelabar,0
MeztikusVusar,0
DoularZulkijas,0
KariusToshura,0
KaziraSirardin,0
DarimTatilar,0
FelordanaAkinojinn,0
KazitaurTruemane,0
BlackforgeKazikazah,0
AdorahuginnKele,0
BallariusAgamantriu,0
AdorakelvFelolis,0
GholbinradCentrilsa,0
KazilCentrilhala,0
DurnAdrierdana,0
FrostmoonVur,0
LandaathDalbine,0
TygraswynBloodblade,0
TruthwindDawnhunter,0
CordalenKeralsa,0
FenriranWhiteeye,0
MarinaraMolis,0
FaucageDoomsmith,0
MalakusShagore,0
DagdagrinnThordin,0
MezizilkreeRunewind,0
SaithilarOghmarus,0
MoramarVorr,0
AralmaranGajinn,0
ShajarDalardred,0
BranayaKeletius,0
BuMolhala,0
SaithiniusManakus,0
ThunderbringerKagre,0
AratGavith,0
RedhammerVusho,0
FernRunecaster,0
DofymZumuro,0
DirehammerDoomworm,0
BuzarusNathris,0
DagdalarDoulrajas,0
BeazedredLaighma,0
ShalrajasMightbring,0
BuzaradAna,0
TaularLightkiller,0
FenrisMnegrinn,0
HellbearerIshn,0
NajasMecage,0
DokasaDoushakar,0
BalaceDait,0
AnararanaModith,0
DougoreDaghma,0
GholbiziusGramand,0
CenradNuarad,0
MubandisAxeweaver,0
BuriathFelordred,0
GholisMazumi,0
FearlessbrewGazrago,0
DawnsongMalador,0
DagdalenShaligra,0
TygolkreeTygorn,0
BlackstalkerZulkisi,0
GorgMoogukus,0
MorlugdaMugore,0
KagalkisArigar,0
CemeenaShaswyn,0
ZujarDalara,0
OpiwieldKirr,0
AdriekusFlameworker,0
TholoreMorlurgas,0
ModiborThorgalis,0
KazrajoraMofyn,0
VujoraNightworker,0
MalogamandGrarne,0
WrathshadeButh,0
ZulkibeiTruefire,0
DaitIshnth,0
LasiusNalmeswyn,0
NagelvConjugar,0
KajimShadoweye,0
JoJotTygramand,0
UmlasMekus,0
IanradKisho,0
KanosDoulrajas,0
TaujinnStonewind,0
DozuruSteelbringer,0
KathribandisZa,0
ThunderbringerKajin,0
MoonshadeGavifyn,0
GranithisKirizar,0
TetAndromalak,0
PerilasBlackflame,0
BroadshaperNualar,0
FordrenisBloodstaff,0
CentrilvKashura,0
RockravenShaktilmar,0
ColasDushura,0
MunilsaNilanin,0
DianatiusFaern,0
GoshuraAdrienn,0
FenrilmaranMarin,0
TygrargasShadowstaf,0
CedredKirimath,0
ZaDacage,0
GravelbeardUmdar,0
DutBlackshaper,0
DuraKiririm,0
NikolabarMezticage,0
FordregdaNualis,0
FordremeenaModred,0
TaulrajasHugifyn,0
FelhazarVim,0
KathridarSaigar,0
BeazedredHunin,0
GuzuruKarin,0
KatiusNalmeginn,0
FomandAndroath,0
KazikazahnShakalkis,0
MavegrinnOghmagar,0
YozshurnDousar,0
MalanimSashakar,0
KazilkreeGavidi,0
ThetatiusTojatilar,0
AndrothrisAkile,0
ZulkilmaranFearless,0
AnayarnDusar,0
AuziusPebor,0
LighthammerAdora,0
OghmarielMorarne,0
KeralvMalarin,0
BeazekusGavilmeena,0
KekoraFejar,0
FaeshuraDirehammer,0
FoBeazezar,0
KaborBearis,0
GarisarCentri,0
BanrisShagal,0
ZulkizuruMauzahn,0
DelameenaDailar,0
CordaradKeraswyn,0
MenrisLainn,0
KejindGolabar,0
MalakusGobei,0
WhispermaneGakinos,0
ToktilarJular,0
ShaathRedweaver,0
GullMalazuru,0
TygozilkreeDandis,0
SamuhnCelen,0
BraathGhondis,0
DarkshaperWhiteblad,0
DozahnBlacksmasher,0
MalarnBuginn,0
NuadagasMudor,0
FeloraShadowbringer,0
MaloathFordrethis,0
BandidarKagaramar,0
GoltigoreArashishak,0
FolasMogrel,0
GamiBalladolune,0
AurilakSaijurus,0
DainosAndromaswyn,0
BlackstaffCordazar,0
NikinosTygranius,0
NiramarSaithithis,0
GriborSasho,0
MiranadarAnardana,0
UmluneYolar,0
VozilkreeStonebreak,0
MagedwellerMaloriel,0
BusidaHuginadar,0
DugisSabermaster,0
BuVoodoogul,0
AgathrisRockweaver,0
DuzshuraMorlurn,0
StarsmithPurefang,0
PezarMadal,0
GholbisiusAdrieginn,0
PerilasMawield,0
NaraWhitehunter,0
PeridwynSaithilis,0
FauraBugas,0
AnayaronAdorarin,0
MekreeKeswyn,0
BlackraySinshaper,0
DabeiSharpdefender,0
GoldskinKelmaran,0
KajihnGavinn,0
SindwellerKerarne,0
AgafynFefym,0
BallariFelorus,0
MoranShadowdragon,0
DalasMorlubandis,0
RunebourneMavetus,0
JothisMokus,0
MezilrajasRainconju,0
DawnfistKirirdana,0
JutAkinolar,0
MakinosMazugis,0
DoginnSirarim,0
NalkreeKadwyn,0
LajurusOghmagamand,0
BearadGakus,0
PerilisMezisida,0
FordrehuginnNilarga,0
GoltirrNuadaswyn,0
SaberwoodMikakazahn,0
TernCoidar,0
IanrisFordrebor,0
KelePerdin,0
BallargasFenribar,0
ArijurusRunesmasher,0
SaitiusGrilen,0
BurilNuadadred,0
MoogumuroGalrajas,0
NalmeathFordreril,0
SaithihelmDathris,0
DoomseekerDakelv,0
MoogukoraDugore,0
BuzathisWhitebrew,0
NiNizahn,0
OpindisCordafyn,0
MutaxeDorinrad,0
MalatiusJokus,0
MalmaranBurilbine,0
NaziusTujora,0
ShalilsaVor,0
CererneGardasar,0
AriloreKesida,0
ConjularAdolore,0
TaukoraBrakus,0
ThordanaLaigelv,0
MavergasTholak,0
SardredWhiteblade,0
SiramandThordirgas,0
NalisShaktimi,0
KazraktilarBluebear,0
ShaktisidaMoogum,0
SteelbrewGavirad,0
MolarMavellador,0
AriginnKerin,0
GranadarPenrad,0
BuzalisFern,0
DofymArcaneredeemer,0
PezanArigrinn,0
NuadagarKelenadar,0
KigashicageTegas,0
ThunderwalkerAurida,0
SanadarDagdara,0
ShalirusDoomcliff,0
AuririBeagrinn,0
BuzagasVinris,0
AdoswynShakam,0
YotilarMaramar,0
SamukazahnThunderfu,0
AkinorgWhisperforge,0
GraveleyeGardana,0
BakTygralore,0
ShalimathKekelv,0
KajoraDelalas,0
KejindMoogucage,0
ArashiraMirantrius,0
ThordibandisCentrin,0
IronhammerGholbithr,0
BoathDoushakar,0
DianarneFelhandis,0
DianafymMeztira,0
UmgraDoomcaster,0
GralladorTojall,0
SinbinderMezikasa,0
ThunderbreakerTuram,0
IshnnayaKendis,0
MorinBandikelv,0
ZurFergas,0
BragulBuzagda,0
ManarinDorizar,0
NarrTauzuru,0
TygotDorifyn,0
MadiIanlace,0
BuzariusCowield,0
BeazarStoneflame,0
WhitebrewOghmalore,0
MarinradMorlundis,0
DalsaGholbilis,0
ShalinadarForcegrov,0
MagulZolodal,0
JuzshuraDusho,0
AnagasAdorann,0
SatiusKathrilar,0
MolabarThetalis,0
KeleginnGa,0
MenosMerg,0
MaurisarKiri,0
IanniusFaurr,0
KelelarArindis,0
MebeiManadwyn,0
BlackbreakerDalalsa,0
BaloreDarne,0
NakazahnDogul,0
BurikusVogar,0
DogarSaithigamand,0
TruesingerYggbandis,0
GoltijinPurepick,0
DoridorMalanrad,0
VishoSardred,0
BlackfangSinbeard,0
GujarBuzarius,0
BalabarTruesinger,0
BroadsongKegar,0
SamularMavelas,0
AnayawynIansida,0
YozshulkreeKathriwi,0
DiananradKula,0
ButhrisNecage,0
GrosarGhollador,0
DirehammerTojajin,0
GranradAgazar,0
ZagelvKirilmeena,0
MebarConjulhala,0
DadredGawield,0
ThohuginnDianardred,0
BluerayAkinorn,0
NirdinKazrall,0
KulanadarMazubar,0
NightravenJoJotilar,0
GutilarBlackraven,0
GhosiusAraswyn,0
NitFothris,0
MirandisStoneblade,0
FrostdragonTukus,0
FlamebringerRockdwe,0
GaluneManis,0
ModinadarKamuro,0
KigaleLaidred,0
KigajoraTruemaster,0
KedarGavirne,0
PeriBeamath,0
WindscarThetarim,0
MalazelHellwarden,0
FlamesmasherMalordr,0
ThunderconjurorDark,0
DaranBlueworker,0
KerameenaShalimath,0
AnarardredStonebran,0
FrostshadeMozil,0
ArashirAgarin,0
ThorgalarKalar,0
KargBeazeswyn,0
OghmalarDoomray,0
ThontriusMaulkis,0
GornSham,0
NikomuroCeris,0
IronwormGrirdana,0
VojinThordithis,0
GamathTura,0
SpellhunterGaktilar,0
MneborFlamemaster,0
SilverdefenderNuada,0
MalasarCordanius,0
AndromaziusShakalar,0
YggwieldKagakree,0
YozshusidaMujora,0
MuthYole,0
KagazuruMarin,0
JumuroFlameweaver,0
MajindSirahuginn,0
HuginnShantrius,0
NightbreakerCefym,0
IroneyeManagar,0
NikokazahnSpellston,0
DarkbreakerBeazenar,0
RagescarTejin,0
StarredeemerFlamebr,0
AuriborSternworker,0
ConjuDrelatius,0
DagdalisStoneweaver,0
MoonwardenAdrierdin,0
KigagorZujin,0
DailarKezshura,0
DianatusSharpcliff,0
SaberwardenBabandis,0
BalladothisBragami,0
KillTygoll,0
MaveghmaSamurg,0
MosidaBlacksinger,0
BagraMolar,0
TegrelKajilkree,0
KillThowield,0
AdorariusBrightflam,0
SwordfistBraktilar,0
KaziktilarYokus,0
MirnSairne,0
MaririelNila,0
KeramarKemand,0
ArashigrelVudolmara,0
LamathConjurdin,0
GozshuraTagrel,0
MuzilDoritius,0
CewieldGranius,0
CordaKat,0
MoshicageCentrirdre,0
TauzragoreAndrolune,0
AndromajurusDianage,0
FlamebinderFelhadre,0
GoldenwoodAnayawiel,0
PainforgeKigagis,0
DoutaxeDijora,0
FelhardredLandabor,0
KagataxeDala,0
OpintriusMalador,0
GoltirnAdrie,0
GraniziusAndromaghm,0
VuzilHuwyn,0
MunirielDawnsmith,0
MadiTor,0
MashuraManalmeena,0
KakelvGror,0
DarisFelar,0
TetaurTashura,0
BroadbrandStoneweav,0
KirnGavinrasida,0
ArisidaFaekasa,0
BlackwardenVudozil,0
AurinisNuadardred,0
GardalmaranMelkis,0
AdoralanimBlackpick,0
KazratBeazenn,0
TygralasModidred,0
BuriAnage,0
MoogugorAkinotaxe,0
GriraAgabor,0
NiladredMajar,0
GrinayaMunilanim,0
BumeenaJulrajas,0
MumiMikagis,0
BeazegdaAgaril,0
BloodshadeMoonweave,0
JusarCoginn,0
MetilarMavenadar,0
DogisVogrel,0
NightwindLagar,0
KazragoreMale,0
AnaraninMagar,0
DagdaranaAkilmaran,0
ShakalrajasTholsa,0
WhitebringerTewyn,0
KagazshuraDoulrajas,0
KagorJuhn,0
AuridredDarad,0
VisarColace,0
RainsongTojarn,0
SteelfontKeleris,0
ZukazahnAurifym,0
LandadorJoJora,0
StonewoodCoirus,0
SiralhalaYojin,0
SinweaverMordred,0
AurigeAnarin,0
KiriTygramath,0
ArajinTaukazahn,0
MalarAdosius,0
ShaktilkisTumuro,0
YorgConjunara,0
JoJolarKathrimand,0
paulgrapes,0
rapitangnyy,0
artautumn,0
dipperhummer,0
Ten_GOP,0
ny_black_protest,0
andy1235,0
magaing4trump,0
gogomrbrown,0
MatEvidence,0
lilstoner,0
jenn_abrams,0
leecory,0
georgeschultz,0
KularimGaviril,0
miajones005,0
rblackie,0
hollymolly2015,0
lydia_rodarte-quayle,0
Motlalepule,0
Motlalent,0
Bugemlon,0
Amohelang,0
Eliot_Aiden,0
Tyrone_Marion,0
Jaden_Corey,0
Aiden_Chuck,0
Tristen_Sadler,0
LorrySn,0
deren777,0
sarah_sanchez,0
julesbrandy,0
HelenaFreiy,0
smarteagles,0
geoffreych,0
MarkHudson89,0
FuUNCake,0
tebepizdec,0
rebekahbennet,0
hcaner,0
bilberrypie,0
vsbeats,0
fergensonk,0
illlolyourtexass,0
astridrooo,0
lunacyfreak,0
cre-ker,0
valyaspb,0
joewellbenson,0
ivanlox255,0
huyolzovatel,0
pizdectest,0
kozloshlyap,0
picnicshirt,0
issastunna,0
stendupp,0
stenlies,0
failkate,0
smoliangirl,0
mironon,0
traceyjohnson,0
stephenbag,0
bennylewis,0
susanpeterson,0
madpood,0
amazingbodilyfluids,1
ajcrwl,1
qkempek,1
sandlerwow,1
BleepThePolice,1
merlinperegrin,1
Albert_Baldwin,1
Tayler_Cletis,1
vsrruslan,1
ser005,1
YggkelvZurn,2
KazishuraTerne,2
baconlover8,2
SouthLoneStar,2
Lepolesa,2
moluleloa,3
YggwynZulkigul,4
vsruslan,4
Kutloisiso,4
Hararnir,4
georgepharell,5
kuabrush,5
mikeehrmantraut55,5
salamanca_tuco,5
WileandraMalhala,6
RobbKR,6
ThorgalenGozil,6
wolfen01,6
jessepinkman1984,6
letlotlow,6
solodoto666,7
saulgoodman1978,7
Mamigon,7
TakeMyEnerGG,7
ZuluraGolar,8
anime_stan,8
khotsofalan,8
Ezra_Jimmie,8
QuenceynnTejora,9
IronhammerConjukelv,9
trollsofficial,9
fring-gus,9
truckshark,9
FezilGavinn,10
AdoraronDoomworker,10
ZolosidaSpellsinger,10
KahuginnCerenadar,10
YokouJJ,10
VuranThordilore,11
Brenden_Kevyn,11
LandageKador,12
BrahnVilar,12
GaranaTobar,12
YggdorKakree,13
graulli,13
Heirlow,13
FordreranaCordagda,14
randomipad,14
SailakSamura,15
smollow,15
socketwom,15
foxmeowlder,15
CeriusTojajar,17
ModitiusOpirius,17
mohato,17
Abena_Tau,17
GranilisDogul,18
BloodwoodArashizrag,18
crownalbum,18
DaytonayenMoranaya,19
CewieldZuluhn,19
Taulou,19
VoodoogamiAurilak,21
HaroldGarold,21
OghmagelvFedora,22
davscolf,22
LightshadeGardakino,23
TetaurDafyn,23
HoodieLoodie,23
walterwhite1962,23
Derek_Daniel,23
KagrelMauran,24
NilarilOpirim,24
DrelathrisBo,25
SalmaranLaihuginn,25
mr_clampin,25
VanecedwaShadowsmith,26
SadCitizen2016,26
seatfaith,27
AgaluneMalordred,28
MeepoPeep,30
KakreeTabar,33
thistleescape,34
Garry_Gregg,36
WilliananLandalsa,37
germagamo,37
inkreindeer,38
TojasidaSamukree,41
hank-schrade,41
IshnranaAnayagrinn,44
aubrey_harper,44
ModitiusFaetaur,46
GushicageAgamadi,46
NuaborShaktikasa,47
garliccomet,47
jerrhill,49
moonreading,49
MalojurusMutus,52
Riley_Gerrard,55
AralisTugis,58
FreddieGi,62
CogelvWhitebinder,63
VojarAndrorus,68
SharprunnerAndrolas,74
winthrop_clancy,75
emilyli,77
BagoreZulkihn,78
muslimzebra,83
DorothieBell,89
Orville_Willy,92
wadeharriot,93
KatusPenadar,94
KulazelKelkree,95
1488Reasons,96
TojatMalaron,97
dreamsquadd,98
DalabandisAndroma,101
cakes689,107
Zach_Bristol,110
riversailor,111
SteelfangMogamand,112
bottlehope,112
Gilbert_Preston,113
harperdaveharper,115
chriscrossfire,115
RobbyDelaware,118
GavinayaBeazefym,121
Paolosi,124
SnorrySturluson,134
GoldenbringerTogore,140
NalenTaugami,141
MoonMoon8,141
Darcy_Loyd,143
DianarinAdorardred,151
ThorgaghmaLai,152
FerdavynaCentrirus,153
petouchoque,171
AriundisVugar,171
CordaronGavinralbin,175
stand-alone-shell,181
DelaranaBatius,186
BallardredTholak,195
MalalladorSincliff,196
jojouel,199
violinslipper,205
caterpillarclass,210
AxeseekerMightwind,222
SamugoreKekelv,244
patsy_rudolph,257
DelalbineSilvershad,260
DearDearBear,260
DarusCege,269
RedGov,273
malefane,298
PeriniusDular,299
vudonrismakasa,306
VudonrisMakasa,306
VukazahnGardagis,312
AndromajurusAragrel,315
HityndiDutilar,328
NekoraJoJolar,329
Dazzle6,331
rockanda,334
IronwalkerGardred,336
DelanradAgamadwyn,338
FenrilkreeMolabar,347
haaaaawke,350
BludflameMeztirg,356
researchbeggar,367
toffeetear,368
AndrorneGavinrage,398
TebenelBrazragore,401
DaFordremand,401
SharpwingChillshape,412
Gillian0zero0,447
CererinKarn,457
ZukoraTezil,492
Mponeng,505
MnefymPainmane,522
HellwindShadowbreak,595
richwilcom,615
moratutu,635
DalahelmFelharil,636
paulmall112,654
AgamagelvTozshura,700
tishcol,712
lekgotla,738
xameg,837
PeGobei,843
blackie_jack,845
BurigelvGravelbrew,889
MalasarGholbiris,893
UmthDarkfire,910
Graham_Quinn,1003
brondran,1112
alex_jonathan,1167
sugarshoehorn,1173
LeyleynFearlessworm,1185
CeginnFonin,1239
Heetmean,1256
GoltijindGoltishura,1275
horseeating,1370
Meek_Mitchel,1406
hadheart,1451
men_like,1534
ThordibandisHugimat,1586
waeqxd,1633
hyddrox,1788
CogdaAnayanara,1840
brant_s,1870
ZamalynodeThothis,1874
fginery,1899
come-true,1949
CereranaKeath,1956
chereese,2000
TojasHellwarden,2221
toffeeathletics,2330
laserathletics,2387
peter_stevenson1986,2401
GavinraraFonara,2589
keklelkek,2591
ThonisIshnlen,2612
ironzion17,2706
ThontriusBanos,2997
NitaurMaull,3032
MananaraGralsa,3085
kanyebreeze,3392
LalhalaGavinradwyn,3401
NualvCordalace,3444
gordon_br,3447
KiririelCebandis,3487
UelitheLandagelv,3496
dandy1crown,3500
GrisidaColak,3512
alice_boginski,3512
fungon,3518
MiraranaMogra,3545
uelithelandagelv,3593
FoshantBloodstone,3639
BeazerneMem,3672
mandeyboy,4171
AriutusMokazahn,4463
clackie,4943
reggaebull,5238
AlsagelvBuriron,5349
deusexmachina112,5485
elsie_c,5497
TedarYozshujin,5671
toneporter,6905
SinmoonYggbandis,7270
dopplegun,9049
Maineylops,12783
Maxwel_Terry,14869
DeusXYX,15541
MasiusShadowshaper,16279
MargasGranidor,18313
Peter_Hurst,20830
erivmalazilkree,21971
King_Andersons,27144
BerskyN,32979
WhatImDoindHere,33095
Kevin_Milner,42752
shomyo,48619
rubinjer,99493